player_link,player_name,player_position,player_id
/player/nfl/13045/josh-allen,Josh Allen,QB,13045
/player/nfl/3233/derek-anderson,Derek Anderson,QB,3233
/player/nfl/12220/nathan-peterman,Nathan Peterman,QB,12220
/player/nfl/5168/lesean-mccoy,LeSean McCoy,RB,5168
/player/nfl/6168/chris-ivory,Chris Ivory,RB,6168
/player/nfl/10603/marcus-murphy,Marcus Murphy,RB,10603
/player/nfl/6499/taiwan-jones,Taiwan Jones,RB,6499
/player/nfl/6880/patrick-dimarco,Patrick DiMarco,RB,6880
/player/nfl/9321/kelvin-benjamin,Kelvin Benjamin,WR,9321
/player/nfl/6954/andre-holmes,Andre Holmes,WR,6954
/player/nfl/13289/ray-ray-mccloud,Ray-Ray McCloud,WR,13289
/player/nfl/12246/zay-jones,Zay Jones,WR,12246
/player/nfl/6681/charles-clay,Charles Clay,TE,6681
/player/nfl/12709/jason-croom,Jason Croom,TE,12709
/player/nfl/9354/logan-thomas,Logan Thomas,TE,9354
/player/nfl/7417/ryan-tannehill,Ryan Tannehill,QB,7417
/player/nfl/7450/brock-osweiler,Brock Osweiler,QB,7450
/player/nfl/9359/david-fales,David Fales,QB,9359
/player/nfl/13215/luke-falk,Luke Falk,QB,13215
/player/nfl/11263/kenyan-drake,Kenyan Drake,RB,11263
/player/nfl/3205/frank-gore,Frank Gore,RB,3205
/player/nfl/13216/kalen-ballage,Kalen Ballage,RB,13216
/player/nfl/10151/senorise-perry,Senorise Perry,RB,10151
/player/nfl/8119/brandon-bolden,Brandon Bolden,RB,8119
/player/nfl/8482/kenny-stills,Kenny Stills,WR,8482
/player/nfl/4991/danny-amendola,Danny Amendola,WR,4991
/player/nfl/10415/devante-parker,DeVante Parker,WR,10415
/player/nfl/11475/jakeem-grant,Jakeem Grant,WR,11475
/player/nfl/9572/albert-wilson,Albert Wilson,WR,9572
/player/nfl/13104/mike-gesicki,Mike Gesicki,TE,13104
/player/nfl/10568/nick-oleary,Nick O'Leary,TE,10568
/player/nfl/10576/aj-derby,AJ Derby,TE,10576
/player/nfl/13249/durham-smythe,Durham Smythe,TE,13249
/player/nfl/8679/marqueis-gray,MarQueis Gray,TE,8679
/player/nfl/1163/tom-brady,Tom Brady,QB,1163
/player/nfl/5463/brian-hoyer,Brian Hoyer,QB,5463
/player/nfl/9426/james-white,James White,RB,9426
/player/nfl/13134/sony-michel,Sony Michel,RB,13134
/player/nfl/13047/josh-rosen,Josh Rosen,QB,13047
/player/nfl/5161/sam-bradford,Sam Bradford,QB,5161
/player/nfl/8456/kenjon-barner,Kenjon Barner,RB,8456
/player/nfl/8466/rex-burkhead,Rex Burkhead,RB,8466
/player/nfl/9409/jeremy-hill,Jeremy Hill,RB,9409
/player/nfl/8374/mike-glennon,Mike Glennon,QB,8374
/player/nfl/10404/david-johnson,David Johnson,RB,10404
/player/nfl/13255/chase-edmonds,Chase Edmonds,RB,13255
/player/nfl/12386/tj-logan,T.J. Logan,RB,12386
/player/nfl/6449/james-develin,James Develin,RB,6449
/player/nfl/6902/chris-hogan,Chris Hogan,WR,6902
/player/nfl/8019/derrick-coleman,Derrick Coleman,RB,8019
/player/nfl/1661/larry-fitzgerald,Larry Fitzgerald,WR,1661
/player/nfl/13095/christian-kirk,Christian Kirk,WR,13095
/player/nfl/13513/trent-sherfield,Trent Sherfield,WR,13513
/player/nfl/12343/chad-williams,Chad Williams,WR,12343
/player/nfl/10536/jj-nelson,J.J. Nelson,WR,10536
/player/nfl/8327/cordarrelle-patterson,Cordarrelle Patterson,WR,8327
/player/nfl/5440/julian-edelman,Julian Edelman,WR,5440
/player/nfl/4904/matthew-slater,Matthew Slater,WR,4904
/player/nfl/8282/josh-gordon,Josh Gordon,WR,8282
/player/nfl/5729/rob-gronkowski,Rob Gronkowski,TE,5729
/player/nfl/12463/ricky-seals-jones,Ricky Seals-Jones,TE,12463
/player/nfl/5549/jermaine-gresham,Jermaine Gresham,TE,5549
/player/nfl/11002/gabe-holmes,Gabe Holmes,TE,11002
/player/nfl/7452/dwayne-allen,Dwayne Allen,TE,7452
/player/nfl/11556/stephen-anderson,Stephen Anderson,TE,11556
/player/nfl/7696/case-keenum,Case Keenum,QB,7696
/player/nfl/11300/kevin-hogan,Kevin Hogan,QB,11300
/player/nfl/10394/garrett-grayson,Garrett Grayson,QB,10394
/player/nfl/12135/mitchell-trubisky,Mitchell Trubisky,QB,12135
/player/nfl/5170/chase-daniel,Chase Daniel,QB,5170
/player/nfl/13058/sam-darnold,Sam Darnold,QB,13058
/player/nfl/4637/matt-ryan,Matt Ryan,QB,4637
/player/nfl/16/matt-schaub,Matt Schaub,QB,16
/player/nfl/4677/joe-flacco,Joe Flacco,QB,4677
/player/nfl/13059/lamar-jackson,Lamar Jackson,QB,13059
/player/nfl/7406/robert-griffin-iii,Robert Griffin III,QB,7406
/player/nfl/11279/alex-collins,Alex Collins,RB,11279
/player/nfl/13357/phillip-lindsay,Phillip Lindsay,RB,13357
/player/nfl/13172/royce-freeman,Royce Freeman,RB,13172
/player/nfl/11270/devontae-booker,Devontae Booker,RB,11270
/player/nfl/11205/jared-goff,Jared Goff,QB,11205
/player/nfl/10409/sean-mannion,Sean Mannion,QB,10409
/player/nfl/10288/todd-gurley,Todd Gurley,RB,10288
/player/nfl/10674/malcolm-brown,Malcolm Brown,RB,10674
/player/nfl/13212/john-kelly,John Kelly,RB,13212
/player/nfl/12511/justin-davis,Justin Davis,RB,12511
/player/nfl/11318/dak-prescott,Dak Prescott,QB,11318
/player/nfl/12475/cooper-rush,Cooper Rush,QB,12475
/player/nfl/11339/jordan-howard,Jordan Howard,RB,11339
/player/nfl/12322/tarik-cohen,Tarik Cohen,RB,12322
/player/nfl/8953/benny-cunningham,Benny Cunningham,RB,8953
/player/nfl/2090/josh-mccown,Josh McCown,QB,2090
/player/nfl/9401/isaiah-crowell,Isaiah Crowell,RB,9401
/player/nfl/13304/trenton-cannon,Trenton Cannon,RB,13304
/player/nfl/12301/elijah-mcguire,Elijah McGuire,RB,12301
/player/nfl/6594/bilal-powell,Bilal Powell,RB,6594
/player/nfl/10359/tevin-coleman,Tevin Coleman,RB,10359
/player/nfl/13252/ito-smith,Ito Smith,RB,13252
/player/nfl/12370/brian-hill,Brian Hill,RB,12370
/player/nfl/10314/javorius-allen,Javorius Allen,RB,10314
/player/nfl/13606/gus-edwards,Gus Edwards,RB,13606
/player/nfl/11284/kenneth-dixon,Kenneth Dixon,RB,11284
/player/nfl/11466/andy-janovich,Andy Janovich,RB,11466
/player/nfl/5885/emmanuel-sanders,Emmanuel Sanders,WR,5885
/player/nfl/13174/daesean-hamilton,DaeSean Hamilton,WR,13174
/player/nfl/10673/jordan-taylor,Jordan Taylor,WR,10673
/player/nfl/5700/demaryius-thomas,Demaryius Thomas,WR,5700
/player/nfl/13129/courtland-sutton,Courtland Sutton,WR,13129
/player/nfl/12151/deshaun-watson,Deshaun Watson,QB,12151
/player/nfl/7480/brandon-weeden,Brandon Weeden,QB,7480
/player/nfl/5857/joe-webb,Joe Webb,QB,5857
/player/nfl/9404/brandin-cooks,Brandin Cooks,WR,9404
/player/nfl/12253/josh-reynolds,Josh Reynolds,WR,12253
/player/nfl/13188/mike-white,Mike White,QB,13188
/player/nfl/11265/ezekiel-elliott,Ezekiel Elliott,RB,11265
/player/nfl/10784/rod-smith,Rod Smith,RB,10784
/player/nfl/11500/darius-jackson,Darius Jackson,RB,11500
/player/nfl/10544/mike-burton,Mike Burton,RB,10544
/player/nfl/9297/allen-robinson,Allen Robinson,WR,9297
/player/nfl/7841/josh-bellamy,Josh Bellamy,WR,7841
/player/nfl/10427/kevin-white,Kevin White,WR,10427
/player/nfl/10162/taylor-gabriel,Taylor Gabriel,WR,10162
/player/nfl/13152/anthony-miller,Anthony Miller,WR,13152
/player/nfl/9737/trey-burton,Trey Burton,TE,9737
/player/nfl/11627/robby-anderson,Robby Anderson,WR,11627
/player/nfl/11410/charone-peake,Charone Peake,WR,11410
/player/nfl/7667/rishard-matthews,Rishard Matthews,WR,7667
/player/nfl/7727/jermaine-kearse,Jermaine Kearse,WR,7727
/player/nfl/12648/ricky-ortiz,Ricky Ortiz,RB,12648
/player/nfl/6475/julio-jones,Julio Jones,WR,6475
/player/nfl/13137/calvin-ridley,Calvin Ridley,WR,13137
/player/nfl/13295/russell-gage,Russell Gage,WR,13295
/player/nfl/7433/mohamed-sanu,Mohamed Sanu,WR,7433
/player/nfl/10399/justin-hardy,Justin Hardy,WR,10399
/player/nfl/12071/marvin-hall,Marvin Hall,WR,12071
/player/nfl/12707/patrick-ricard,Patrick Ricard,RB,12707
/player/nfl/5135/michael-crabtree,Michael Crabtree,WR,5135
/player/nfl/9989/willie-snead,Willie Snead,WR,9989
/player/nfl/12466/quincy-adeboyejo,Quincy Adeboyejo,WR,12466
/player/nfl/9649/john-brown,John Brown,WR,9649
/player/nfl/11429/chris-moore,Chris Moore,WR,11429
/player/nfl/12501/tim-patrick,Tim Patrick,WR,12501
/player/nfl/10492/jeff-heuerman,Jeff Heuerman,TE,10492
/player/nfl/10980/matt-lacosse,Matt LaCosse,TE,10980
/player/nfl/12254/jake-butt,Jake Butt,TE,12254
/player/nfl/7408/lamar-miller,Lamar Miller,RB,7408
/player/nfl/9685/alfred-blue,Alfred Blue,RB,9685
/player/nfl/12282/donta-foreman,D'Onta Foreman,RB,12282
/player/nfl/11355/tyler-ervin,Tyler Ervin,RB,11355
/player/nfl/13704/buddy-howell-jr,"Buddy Howell, Jr.",RB,13704
/player/nfl/11281/pharoh-cooper,Pharoh Cooper,WR,11281
/player/nfl/12660/jojo-natson,JoJo Natson,WR,12660
/player/nfl/13899/khadarel-hodge,KhaDarel Hodge,WR,13899
/player/nfl/8407/robert-woods,Robert Woods,WR,8407
/player/nfl/12177/cooper-kupp,Cooper Kupp,WR,12177
/player/nfl/11491/mike-thomas,Mike Thomas,WR,11491
/player/nfl/13354/austin-proehl,Austin Proehl,WR,13354
/player/nfl/8256/jamize-olawale,Jamize Olawale,RB,8256
/player/nfl/10310/amari-cooper,Amari Cooper,WR,10310
/player/nfl/9867/allen-hurns,Allen Hurns,WR,9867
/player/nfl/8175/deonte-thompson,Deonte Thompson,WR,8175
/player/nfl/8401/terrance-williams,Terrance Williams,WR,8401
/player/nfl/13149/michael-gallup,Michael Gallup,WR,13149
/player/nfl/8532/dion-sims,Dion Sims,TE,8532
/player/nfl/11092/daniel-brown,Daniel Brown,TE,11092
/player/nfl/11587/ben-braunecker,Ben Braunecker,TE,11587
/player/nfl/5888/andre-roberts,Andre Roberts,WR,5888
/player/nfl/10747/eric-tomlinson,Eric Tomlinson,TE,10747
/player/nfl/12307/jordan-leggett,Jordan Leggett,TE,12307
/player/nfl/10593/neal-sterling,Neal Sterling,TE,10593
/player/nfl/13228/chris-herndon,Chris Herndon,TE,13228
/player/nfl/11301/austin-hooper,Austin Hooper,TE,11301
/player/nfl/6368/logan-paulsen,Logan Paulsen,TE,6368
/player/nfl/12300/eric-saubert,Eric Saubert,TE,12300
/player/nfl/13098/hayden-hurst,Hayden Hurst,TE,13098
/player/nfl/10547/nick-boyle,Nick Boyle,TE,10547
/player/nfl/10298/maxx-williams,Maxx Williams,TE,10298
/player/nfl/13182/mark-andrews,Mark Andrews,TE,13182
/player/nfl/8404/deandre-hopkins,DeAndre Hopkins,WR,8404
/player/nfl/13746/vyncint-smith,Vyncint Smith,WR,13746
/player/nfl/9608/bruce-ellington,Bruce Ellington,WR,9608
/player/nfl/11295/will-fuller,Will Fuller,WR,11295
/player/nfl/10285/sammie-coates,Sammie Coates,WR,10285
/player/nfl/11430/tyler-higbee,Tyler Higbee,TE,11430
/player/nfl/12284/gerald-everett,Gerald Everett,TE,12284
/player/nfl/12525/johnny-mundt,Johnny Mundt,TE,12525
/player/nfl/8402/tavon-austin,Tavon Austin,WR,8402
/player/nfl/7794/cole-beasley,Cole Beasley,WR,7794
/player/nfl/10617/geoff-swaim,Geoff Swaim,TE,10617
/player/nfl/12507/blake-jarwin,Blake Jarwin,TE,12507
/player/nfl/11501/rico-gathers,Rico Gathers,TE,11501
/player/nfl/13198/dalton-schultz,Dalton Schultz,TE,13198
/player/nfl/12142/patrick-mahomes,Patrick Mahomes,QB,12142
/player/nfl/4684/chad-henne,Chad Henne,QB,4684
/player/nfl/12295/kareem-hunt,Kareem Hunt,RB,12295
/player/nfl/13205/keke-coutee,Keke Coutee,WR,13205
/player/nfl/8600/ryan-griffin,Ryan Griffin,TE,8600
/player/nfl/13238/jordan-akins,Jordan Akins,TE,13238
/player/nfl/13309/jordan-thomas,Jordan Thomas,TE,13309
/player/nfl/5132/matthew-stafford,Matthew Stafford,QB,5132
/player/nfl/3237/matt-cassel,Matt Cassel,QB,3237
/player/nfl/13156/kerryon-johnson,Kerryon Johnson,RB,13156
/player/nfl/5854/legarrette-blount,LeGarrette Blount,RB,5854
/player/nfl/8485/theo-riddick,Theo Riddick,RB,8485
/player/nfl/10338/ameer-abdullah,Ameer Abdullah,RB,10338
/player/nfl/6493/andy-dalton,Andy Dalton,QB,6493
/player/nfl/11340/jeff-driskel,Jeff Driskel,QB,11340
/player/nfl/12147/joe-mixon,Joe Mixon,RB,12147
/player/nfl/8594/spencer-ware,Spencer Ware,RB,8594
/player/nfl/9570/damien-williams,Damien Williams,RB,9570
/player/nfl/13668/darrel-williams,Darrel Williams,RB,13668
/player/nfl/7460/russell-wilson,Russell Wilson,QB,7460
/player/nfl/10402/brett-hundley,Brett Hundley,QB,10402
/player/nfl/12446/chris-carson,Chris Carson,RB,12446
/player/nfl/10378/mike-davis,Mike Davis,RB,10378
/player/nfl/13143/rashaad-penny,Rashaad Penny,RB,13143
/player/nfl/11319/cj-prosise,C.J. Prosise,RB,11319
/player/nfl/1657/eli-manning,Eli Manning,QB,1657
/player/nfl/13206/kyle-lauletta,Kyle Lauletta,QB,13206
/player/nfl/8040/alex-tanney,Alex Tanney,QB,8040
/player/nfl/13048/saquon-barkley,Saquon Barkley,RB,13048
/player/nfl/7015/nick-bellore,Nick Bellore,RB,7015
/player/nfl/6491/cam-newton,Cam Newton,QB,6491
/player/nfl/10665/taylor-heinicke,Taylor Heinicke,QB,10665
/player/nfl/12198/christian-mccaffrey,Christian McCaffrey,RB,12198
/player/nfl/8694/cj-anderson,C.J. Anderson,RB,8694
/player/nfl/10364/cameron-artis-payne,Cameron Artis-Payne,RB,10364
/player/nfl/8389/giovani-bernard,Giovani Bernard,RB,8389
/player/nfl/13197/mark-walton,Mark Walton,RB,13197
/player/nfl/6650/anthony-sherman,Anthony Sherman,RB,6650
/player/nfl/11458/tyreek-hill,Tyreek Hill,WR,11458
/player/nfl/10432/chris-conley,Chris Conley,WR,10432
/player/nfl/9410/deanthony-thomas,De'Anthony Thomas,WR,9410
/player/nfl/9388/sammy-watkins,Sammy Watkins,WR,9388
/player/nfl/11438/demarcus-robinson,Demarcus Robinson,WR,11438
/player/nfl/6439/andrew-luck,Andrew Luck,QB,6439
/player/nfl/11341/jacoby-brissett,Jacoby Brissett,QB,11341
/player/nfl/12308/marlon-mack,Marlon Mack,RB,12308
/player/nfl/13209/nyheim-hines,Nyheim Hines,RB,13209
/player/nfl/7423/robert-turbin,Robert Turbin,RB,7423
/player/nfl/13276/jordan-wilkins,Jordan Wilkins,RB,13276
/player/nfl/11800/jd-mckissic,J.D. McKissic,RB,11800
/player/nfl/11665/tre-madden,Tre Madden,RB,11665
/player/nfl/6825/doug-baldwin,Doug Baldwin,WR,6825
/player/nfl/12309/wayne-gallman,Wayne Gallman,RB,12309
/player/nfl/4650/jonathan-stewart,Jonathan Stewart,RB,4650
/player/nfl/5583/golden-tate,Golden Tate,WR,5583
/player/nfl/12340/kenny-golladay,Kenny Golladay,WR,12340
/player/nfl/11946/andy-jones,Andy Jones,WR,11946
/player/nfl/9419/tj-jones,T.J. Jones,WR,9419
/player/nfl/13782/brandon-powell,Brandon Powell,WR,13782
/player/nfl/7503/marvin-jones,Marvin Jones,WR,7503
/player/nfl/12398/alex-armah,Alex Armah,RB,12398
/player/nfl/10391/devin-funchess,Devin Funchess,WR,10391
/player/nfl/7574/jarius-wright,Jarius Wright,WR,7574
/player/nfl/10795/damiere-byrd,Damiere Byrd,WR,10795
/player/nfl/6442/torrey-smith,Torrey Smith,WR,6442
/player/nfl/13114/dj-moore,D.J. Moore,WR,13114
/player/nfl/6438/aj-green,A.J. Green,WR,6438
/player/nfl/12355/josh-malone,Josh Malone,WR,12355
/player/nfl/11487/cody-core,Cody Core,WR,11487
/player/nfl/11271/tyler-boyd,Tyler Boyd,WR,11271
/player/nfl/12173/john-ross,John Ross,WR,12173
/player/nfl/11614/alex-erickson,Alex Erickson,WR,11614
/player/nfl/8408/tyler-eifert,Tyler Eifert,TE,8408
/player/nfl/12790/marcus-kemp,Marcus Kemp,WR,12790
/player/nfl/8411/travis-kelce,Travis Kelce,TE,8411
/player/nfl/8683/demetrius-harris,Demetrius Harris,TE,8683
/player/nfl/7558/ty-hilton,T.Y. Hilton,WR,7558
/player/nfl/12635/zach-pascal,Zach Pascal,WR,12635
/player/nfl/11608/marcus-johnson,Marcus Johnson,WR,11608
/player/nfl/8869/jaron-brown,Jaron Brown,WR,8869
/player/nfl/10408/tyler-lockett,Tyler Lockett,WR,10408
/player/nfl/3653/brandon-marshall,Brandon Marshall,WR,3653
/player/nfl/12427/david-moore,David Moore,WR,12427
/player/nfl/11329/nick-vannett,Nick Vannett,TE,11329
/player/nfl/5840/ed-dickson,Ed Dickson,TE,5840
/player/nfl/12453/darrell-daniels,Darrell Daniels,TE,12453
/player/nfl/12853/tyrone-swoopes,Tyrone Swoopes,TE,12853
/player/nfl/11964/elijhaa-penny,Elijhaa Penny,RB,11964
/player/nfl/9403/odell-beckham,Odell Beckham,WR,9403
/player/nfl/9826/bennie-fowler,Bennie Fowler,WR,9826
/player/nfl/11326/sterling-shepard,Sterling Shepard,WR,11326
/player/nfl/7459/russell-shepard,Russell Shepard,WR,7459
/player/nfl/9535/cody-latimer,Cody Latimer,WR,9535
/player/nfl/8567/luke-willson,Luke Willson,TE,8567
/player/nfl/12354/michael-roberts,Michael Roberts,TE,12354
/player/nfl/8414/levine-toilolo,Levine Toilolo,TE,8414
/player/nfl/12219/curtis-samuel,Curtis Samuel,WR,12219
/player/nfl/4190/greg-olsen,Greg Olsen,TE,4190
/player/nfl/10295/chris-manhertz,Chris Manhertz,TE,10295
/player/nfl/13163/ian-thomas,Ian Thomas,TE,13163
/player/nfl/10490/tyler-kroft,Tyler Kroft,TE,10490
/player/nfl/10534/cj-uzomah,C.J. Uzomah,TE,10534
/player/nfl/12447/mason-schreck,Mason Schreck,TE,12447
/player/nfl/9666/ryan-grant,Ryan Grant,WR,9666
/player/nfl/11753/chester-rogers,Chester Rogers,WR,11753
/player/nfl/9075/jack-doyle,Jack Doyle,TE,9075
/player/nfl/9390/eric-ebron,Eric Ebron,TE,9390
/player/nfl/9792/erik-swoope,Erik Swoope,TE,9792
/player/nfl/13246/will-dissly,Will Dissly,TE,13246
/player/nfl/12205/evan-engram,Evan Engram,TE,12205
/player/nfl/7580/rhett-ellison,Rhett Ellison,TE,7580
/player/nfl/10143/scott-simonson,Scott Simonson,TE,10143
/player/nfl/3118/aaron-rodgers,Aaron Rodgers,QB,3118
/player/nfl/12160/deshone-kizer,DeShone Kizer,QB,12160
/player/nfl/13072/baker-mayfield,Baker Mayfield,QB,13072
/player/nfl/1813/philip-rivers,Philip Rivers,QB,1813
/player/nfl/8326/geno-smith,Geno Smith,QB,8326
/player/nfl/10284/melvin-gordon,Melvin Gordon,RB,10284
/player/nfl/12563/austin-ekeler,Austin Ekeler,RB,12563
/player/nfl/13816/detrez-newsome,Detrez Newsome,RB,13816
/player/nfl/13350/justin-jackson,Justin Jackson,RB,13350
/player/nfl/12328/cj-beathard,C.J. Beathard,QB,12328
/player/nfl/9418/tom-savage,Tom Savage,QB,9418
/player/nfl/12684/nick-mullens,Nick Mullens,QB,12684
/player/nfl/11257/carson-wentz,Carson Wentz,QB,11257
/player/nfl/7475/nick-foles,Nick Foles,QB,7475
/player/nfl/13613/tim-boyle,Tim Boyle,QB,13613
/player/nfl/12298/jamaal-williams,Jamaal Williams,RB,12298
/player/nfl/10413/ty-montgomery,Ty Montgomery,RB,10413
/player/nfl/12388/aaron-jones,Aaron Jones,RB,12388
/player/nfl/591/drew-brees,Drew Brees,QB,591
/player/nfl/9274/teddy-bridgewater,Teddy Bridgewater,QB,9274
/player/nfl/12729/taysom-hill,Taysom Hill,QB,12729
/player/nfl/12172/alvin-kamara,Alvin Kamara,RB,12172
/player/nfl/6509/tyrod-taylor,Tyrod Taylor,QB,6509
/player/nfl/4179/drew-stanton,Drew Stanton,QB,4179
/player/nfl/13161/nick-chubb,Nick Chubb,RB,13161
/player/nfl/10358/duke-johnson,Duke Johnson,RB,10358
/player/nfl/13638/dontrell-hilliard,Dontrell Hilliard,RB,13638
/player/nfl/11486/derek-watt,Derek Watt,RB,11486
/player/nfl/8379/keenan-allen,Keenan Allen,WR,8379
/player/nfl/7562/travis-benjamin,Travis Benjamin,WR,7562
/player/nfl/10694/tyrell-williams,Tyrell Williams,WR,10694
/player/nfl/12183/mike-williams,Mike Williams,WR,12183
/player/nfl/9320/blake-bortles,Blake Bortles,QB,9320
/player/nfl/11305/cody-kessler,Cody Kessler,QB,11305
/player/nfl/12132/leonard-fournette,Leonard Fournette,RB,12132
/player/nfl/9381/carlos-hyde,Carlos Hyde,RB,9381
/player/nfl/9360/jimmy-garoppolo,Jimmy Garoppolo,QB,9360
/player/nfl/12678/matt-breida,Matt Breida,RB,12678
/player/nfl/7618/alfred-morris,Alfred Morris,RB,7618
/player/nfl/10744/raheem-mostert,Raheem Mostert,RB,10744
/player/nfl/8548/kyle-juszczyk,Kyle Juszczyk,RB,8548
/player/nfl/11476/nate-sudfeld,Nate Sudfeld,QB,11476
/player/nfl/12159/corey-clement,Corey Clement,RB,12159
/player/nfl/11451/wendell-smallwood,Wendell Smallwood,RB,11451
/player/nfl/3221/darren-sproles,Darren Sproles,RB,3221
/player/nfl/13218/josh-adams,Josh Adams,RB,13218
/player/nfl/10361/jay-ajayi,Jay Ajayi,RB,10361
/player/nfl/9273/davante-adams,Davante Adams,WR,9273
/player/nfl/13280/marquez-valdes-scantling,Marquez Valdes-Scantling,WR,13280
/player/nfl/13145/equanimeous-st-brown,Equanimeous St. Brown,WR,13145
/player/nfl/13181/jmon-moore,J'Mon Moore,WR,13181
/player/nfl/6497/randall-cobb,Randall Cobb,WR,6497
/player/nfl/6471/mark-ingram,Mark Ingram,RB,6471
/player/nfl/11518/dwayne-washington,Dwayne Washington,RB,11518
/player/nfl/8672/zach-line,Zach Line,RB,8672
/player/nfl/9405/jarvis-landry,Jarvis Landry,WR,9405
/player/nfl/8148/rod-streater,Rod Streater,WR,8148
/player/nfl/13642/derrick-willies,Derrick Willies,WR,13642
/player/nfl/13108/antonio-callaway,Antonio Callaway,WR,13108
/player/nfl/13281/damion-ratley,Damion Ratley,WR,13281
/player/nfl/10357/breshad-perriman,Breshad Perriman,WR,10357
/player/nfl/10561/geremy-davis,Geremy Davis,WR,10561
/player/nfl/611/antonio-gates,Antonio Gates,TE,611
/player/nfl/6570/virgil-green,Virgil Green,TE,6570
/player/nfl/12560/sean-culkin,Sean Culkin,TE,12560
/player/nfl/10311/tj-yeldon,T.J. Yeldon,RB,10311
/player/nfl/10678/corey-grant,Corey Grant,RB,10678
/player/nfl/8461/marquise-goodwin,Marquise Goodwin,WR,8461
/player/nfl/12677/kendrick-bourne,Kendrick Bourne,WR,12677
/player/nfl/13160/dante-pettis,Dante Pettis,WR,13160
/player/nfl/11550/geronimo-allison,Geronimo Allison,WR,11550
/player/nfl/11456/trevor-davis,Trevor Davis,WR,11456
/player/nfl/5842/jimmy-graham,Jimmy Graham,TE,5842
/player/nfl/3615/marcedes-lewis,Marcedes Lewis,TE,3615
/player/nfl/6614/lance-kendricks,Lance Kendricks,TE,6614
/player/nfl/11222/michael-thomas,Michael Thomas,WR,11222
/player/nfl/10770/cameron-meredith,Cameron Meredith,WR,10770
/player/nfl/12332/austin-carr,Austin Carr,WR,12332
/player/nfl/13196/trequan-smith,Tre'Quan Smith,WR,13196
/player/nfl/4168/ted-ginn,Ted Ginn,WR,4168
/player/nfl/11384/rashard-higgins,Rashard Higgins,WR,11384
/player/nfl/12186/david-njoku,David Njoku,TE,12186
/player/nfl/8472/darren-fells,Darren Fells,TE,8472
/player/nfl/11444/seth-devalve,Seth DeValve,TE,11444
/player/nfl/7457/orson-charles,Orson Charles,TE,7457
/player/nfl/8614/tommy-bohanon,Tommy Bohanon,RB,8614
/player/nfl/12539/keelan-cole,Keelan Cole,WR,12539
/player/nfl/13096/dj-chark,D.J. Chark,WR,13096
/player/nfl/10397/rashad-greene,Rashad Greene,WR,10397
/player/nfl/9427/donte-moncrief,Donte Moncrief,WR,9427
/player/nfl/12331/dede-westbrook,Dede Westbrook,WR,12331
/player/nfl/12026/jaydon-mickens,Jaydon Mickens,WR,12026
/player/nfl/12676/victor-bolden,Victor Bolden,WR,12676
/player/nfl/4945/pierre-garcon,Pierre Garcon,WR,4945
/player/nfl/12305/trent-taylor,Trent Taylor,WR,12305
/player/nfl/13336/richie-james,Richie James,WR,13336
/player/nfl/12276/george-kittle,George Kittle,TE,12276
/player/nfl/7982/garrett-celek,Garrett Celek,TE,7982
/player/nfl/7441/alshon-jeffery,Alshon Jeffery,WR,7441
/player/nfl/10738/deandre-carter,DeAndre Carter,WR,10738
/player/nfl/12349/mack-hollins,Mack Hollins,WR,12349
/player/nfl/10360/nelson-agholor,Nelson Agholor,WR,10360
/player/nfl/12313/shelton-gibson,Shelton Gibson,WR,12313
/player/nfl/5329/mike-wallace,Mike Wallace,WR,5329
/player/nfl/8409/zach-ertz,Zach Ertz,TE,8409
/player/nfl/12868/robert-tonyan-jr,Robert Tonyan Jr.,TE,12868
/player/nfl/11933/tommylee-lewis,Tommylee Lewis,WR,11933
/player/nfl/48/ben-watson,Ben Watson,TE,48
/player/nfl/8764/josh-hill,Josh Hill,TE,8764
/player/nfl/12972/dan-arnold,Dan Arnold,TE,12972
/player/nfl/12737/pharaoh-brown,Pharaoh Brown,TE,12737
/player/nfl/9349/derek-carr,Derek Carr,QB,9349
/player/nfl/9290/aj-mccarron,A.J. McCarron,QB,9290
/player/nfl/7426/doug-martin,Doug Martin,RB,7426
/player/nfl/12049/jalen-richard,Jalen Richard,RB,12049
/player/nfl/6661/niles-paul,Niles Paul,TE,6661
/player/nfl/10549/james-oshaughnessy,James O'Shaughnessy,TE,10549
/player/nfl/11585/david-grinnage,David Grinnage,TE,11585
/player/nfl/10366/blake-bell,Blake Bell,TE,10366
/player/nfl/9400/austin-seferian-jenkins,Austin Seferian-Jenkins,TE,9400
/player/nfl/13151/dallas-goedert,Dallas Goedert,TE,13151
/player/nfl/11804/josh-perkins,Josh Perkins,TE,11804
/player/nfl/9547/richard-rodgers,Richard Rodgers,TE,9547
/player/nfl/7486/kirk-cousins,Kirk Cousins,QB,7486
/player/nfl/10622/trevor-siemian,Trevor Siemian,QB,10622
/player/nfl/12908/kyle-sloter,Kyle Sloter,QB,12908
/player/nfl/12138/dalvin-cook,Dalvin Cook,RB,12138
/player/nfl/1181/ben-roethlisberger,Ben Roethlisberger,QB,1181
/player/nfl/12335/josh-dobbs,Josh Dobbs,QB,12335
/player/nfl/13075/mason-rudolph,Mason Rudolph,QB,13075
/player/nfl/11446/deandre-washington,DeAndre Washington,RB,11446
/player/nfl/4186/marshawn-lynch,Marshawn Lynch,RB,4186
/player/nfl/8585/latavius-murray,Latavius Murray,RB,8585
/player/nfl/13438/mike-boone,Mike Boone,RB,13438
/player/nfl/13417/roc-thomas,Roc Thomas,RB,13417
/player/nfl/11999/cj-ham,C.J. Ham,RB,11999
/player/nfl/9376/jameis-winston,Jameis Winston,QB,9376
/player/nfl/3240/ryan-fitzpatrick,Ryan Fitzpatrick,QB,3240
/player/nfl/8507/ryan-griffin,Ryan Griffin,QB,8507
/player/nfl/11708/peyton-barber,Peyton Barber,RB,11708
/player/nfl/13061/ronald-jones,Ronald Jones,RB,13061
/player/nfl/12317/james-conner,James Conner,RB,12317
/player/nfl/6487/stevan-ridley,Stevan Ridley,RB,6487
/player/nfl/13189/jaylen-samuels,Jaylen Samuels,RB,13189
/player/nfl/8390/leveon-bell,Le'Veon Bell,RB,8390
/player/nfl/10076/keith-smith,Keith Smith,RB,10076
/player/nfl/4731/jordy-nelson,Jordy Nelson,WR,4731
/player/nfl/6683/dwayne-harris,Dwayne Harris,WR,6683
/player/nfl/9416/martavis-bryant,Martavis Bryant,WR,9416
/player/nfl/5188/brandon-lafell,Brandon LaFell,WR,5188
/player/nfl/13090/marcell-ateman,Marcell Ateman,WR,13090
/player/nfl/10142/seth-roberts,Seth Roberts,WR,10142
/player/nfl/9385/marcus-mariota,Marcus Mariota,QB,9385
/player/nfl/3119/alex-smith,Alex Smith,QB,3119
/player/nfl/5699/colt-mccoy,Colt McCoy,QB,5699
/player/nfl/8563/chris-thompson,Chris Thompson,RB,8563
/player/nfl/4169/adrian-peterson,Adrian Peterson,RB,4169
/player/nfl/12255/samaje-perine,Samaje Perine,RB,12255
/player/nfl/9581/kapri-bibbs,Kapri Bibbs,RB,9581
/player/nfl/11834/rob-kelley,Rob Kelley,RB,11834
/player/nfl/9054/adam-thielen,Adam Thielen,WR,9054
/player/nfl/13056/brandon-zylstra,Brandon Zylstra,WR,13056
/player/nfl/10380/stefon-diggs,Stefon Diggs,WR,10380
/player/nfl/11210/laquon-treadwell,Laquon Treadwell,WR,11210
/player/nfl/6482/jacquizz-rodgers,Jacquizz Rodgers,RB,6482
/player/nfl/13476/shaun-wilson,Shaun Wilson,RB,13476
/player/nfl/11727/alan-cross,Alan Cross,RB,11727
/player/nfl/10021/roosevelt-nix,Roosevelt Nix,RB,10021
/player/nfl/5698/antonio-brown,Antonio Brown,WR,5698
/player/nfl/13153/james-washington,James Washington,WR,13153
/player/nfl/5093/darrius-heyward-bey,Darrius Heyward-Bey,WR,5093
/player/nfl/12184/juju-smith-schuster,JuJu Smith-Schuster,WR,12184
/player/nfl/5165/jared-cook,Jared Cook,TE,5165
/player/nfl/6665/lee-smith,Lee Smith,TE,6665
/player/nfl/7527/derek-carrier,Derek Carrier,TE,7527
/player/nfl/6451/blaine-gabbert,Blaine Gabbert,QB,6451
/player/nfl/6483/dion-lewis,Dion Lewis,RB,6483
/player/nfl/11238/derrick-henry,Derrick Henry,RB,11238
/player/nfl/9616/david-fluellen,David Fluellen,RB,9616
/player/nfl/10373/jamison-crowder,Jamison Crowder,WR,10373
/player/nfl/11788/maurice-harris,Maurice Harris,WR,11788
/player/nfl/6459/kyle-rudolph,Kyle Rudolph,TE,6459
/player/nfl/11477/david-morgan,David Morgan,TE,11477
/player/nfl/13220/tyler-conklin,Tyler Conklin,TE,13220
/player/nfl/9296/mike-evans,Mike Evans,WR,9296
/player/nfl/11072/adam-humphries,Adam Humphries,WR,11072
/player/nfl/13208/justin-watson,Justin Watson,WR,13208
/player/nfl/4659/desean-jackson,DeSean Jackson,WR,4659
/player/nfl/12201/chris-godwin,Chris Godwin,WR,12201
/player/nfl/12161/oj-howard,O.J. Howard,TE,12161
/player/nfl/10193/cameron-brate,Cameron Brate,TE,10193
/player/nfl/8415/justin-hunter,Justin Hunter,WR,8415
/player/nfl/12288/ryan-switzer,Ryan Switzer,WR,12288
/player/nfl/10753/eli-rogers,Eli Rogers,WR,10753
/player/nfl/8413/vance-mcdonald,Vance McDonald,TE,8413
/player/nfl/10403/jesse-james,Jesse James,TE,10403
/player/nfl/9614/xavier-grimble,Xavier Grimble,TE,9614
/player/nfl/12169/corey-davis,Corey Davis,WR,12169
/player/nfl/11325/tajae-sharpe,Tajae Sharpe,WR,11325
/player/nfl/13767/cameron-batson,Cameron Batson,WR,13767
/player/nfl/12203/taywan-taylor,Taywan Taylor,WR,12203
/player/nfl/11046/darius-jennings,Darius Jennings,WR,11046
/player/nfl/6759/michael-floyd,Michael Floyd,WR,6759
/player/nfl/13589/cam-sims,Cam Sims,WR,13589
/player/nfl/9545/paul-richardson,Paul Richardson,WR,9545
/player/nfl/11289/josh-doctson,Josh Doctson,WR,11289
/player/nfl/12362/jehu-chesson,Jehu Chesson,WR,12362
/player/nfl/12603/antony-auclair,Antony Auclair,TE,12603
/player/nfl/12344/jonnu-smith,Jonnu Smith,TE,12344
/player/nfl/6552/luke-stocker,Luke Stocker,TE,6552
/player/nfl/12691/anthony-firkser,Anthony Firkser,TE,12691
/player/nfl/10522/mycole-pruitt,MyCole Pruitt,TE,10522
/player/nfl/3976/delanie-walker,Delanie Walker,TE,3976
/player/nfl/13213/trey-quinn,Trey Quinn,WR,13213
/player/nfl/8412/jordan-reed,Jordan Reed,TE,8412
/player/nfl/3638/vernon-davis,Vernon Davis,TE,3638
/player/nfl/12368/jeremy-sprinkle,Jeremy Sprinkle,TE,12368
